{
    "__LAYOUT__": "__LAYOUT__",
    "Visit Website": "Visit Website",
    "Profile": "Profile",
    "Logout": "Logout",
    "MAIN": "MAIN",
    "Dashboard": "Dashboard",
    "User Management": "User Management",
    "Permissions": "Permissions",
    "Roles": "Roles",
    "Sub Roles": "Sub Roles",
    "All Users": "All Users",
    "Companies": "Companies",
    "Contacts & Accounts": "Contacts & Accounts",
    "Contacts": "Contacts",
    "Accounts": "Accounts",
    "Media Library": "Media Library",
    "Locations": "Locations",
    "Countries": "Countries",
    "States": "States",
    "Cities": "Cities",
    "Zones": "Zones",
    "Settings": "Settings",
    "General Settings": "General Settings",
    "Commission Settings": "Commission Settings",
    "Withdraw Settings": "Withdraw Settings",
    "Features": "Features",
    "Currencies": "Currencies",
    "Languages": "Languages",
    "Activities": "Activities",
    "Blog": "Blog",
    "Categories": "Categories",
    "Tags": "Tags",
    "Posts": "Posts",
    "Chat": "Chat",
    "CRM": "CRM",
    "Leads": "Leads",
    "Lead Stages": "Lead Stages",
    "Pipelines": "Pipelines",
    "Ecommerce": "Ecommerce",
    "Commission History": "Commission History",
    "Withdraw History": "Withdraw History",
    "Wallet": "Wallet",
    "My Orders": "My Orders",
    "Flash Deals": "Flash Deals",
    "Coupons": "Coupons",
    "Reviews and Ratings": "Reviews and Ratings",
    "Marketing Tools": "Marketing Tools",
    "Senders": "Senders",
    "Mailing List": "Mailing List",
    "Subscribers": "Subscribers",
    "Templates": "Templates",
    "Campaigns": "Campaigns",
    "Events": "Events",
    "Inventory": "Inventory",
    "Attributes": "Attributes",
    "Brands": "Brands",
    "Units": "Units",
    "Products": "Products",
    "Message": "Message",
    "Payments": "Payments",
    "Payment Methods": "Payment Methods",
    "Shipping": "Shipping",
    "Shipping Methods": "Shipping Methods",
    "Shipping Classes": "Shipping Classes",
    "Support": "Support",
    "Tickets": "Tickets",
    "Contact Message": "Contact Message",
    "Customer Queries": "Customer Queries",
    "Website": "Website",
    "Menus": "Menus",
    "Pages": "Pages",
    "You Have": "You Have",
    "Notifications": "Notifications",


    "__ACTIVITY__": "__ACTIVITY__",
    "Activity List" : "Activity List",
    "Activity Type" : "Activity Type",
    "Create Activity": "Create Activity",
    "Title": "Title",
    "Call": "Call",
    "Meeting": "Meeting",
    "Task": "Task",
    "Email": "Email",
    "From": "From",
    "To": "To",
    "Due Date": "Due Date",
    "All Day": "All Day",
    "Description": "Description",
    "Meeting Host": "Meeting Host",
    "Attendees": "Attendees",
    "Location": "Location",
    "Meeting Link": "Meeting Link",
    "Assign To": "Assign To",
    "Select to Assign": "Select to Assign",
    "Collaborators": "Collaborators",
    "Set Reminder": "Set Reminder",
    "Notification": "Notification",
    "Both": "Both",
    "Completed": "Completed",
    "Save": "Save",
    "Search for Contacts": "Search for Contacts",
    "Edit Activity": "Edit Activity",

    "__BLOG__": "__BLOG__",
    "Create Category" : "Create Category",
    "Category Name" : "Category Name",
    "Category Arabic Name" : "Category Arabic Name",
    "Parent Category" : "Parent Category",
    "Choice Parent Category" : "Choice Parent Category",
    "Font Awesome Icon" : "Font Awesome Icon",
    "Remove" : "Remove",
    "Upload Image" : "Upload Image",
    "Featured" : "Featured",
    "Edit Category" : "Edit Category",
    "Brand Name" : "Brand Name",
    "Update" : "Update",
    "Category List" : "Category List",
    "Name" : "Name",
    "Icon" : "Icon",
    "Image" : "Image",
    "Edit" : "Edit",
    "Category Details" : "Category Details",
    "Slug" : "Slug",
    "Create Post" : "Create Post",
    "Keywords" : "Keywords",
    "Short Description" : "Short Description",
    "Content" : "Content",
    "Meta Title" : "Meta Title",
    "Meta Keywords" : "Meta Keywords",
    "Meta Description" : "Meta Description",
    "Draft" : "Draft",
    "Published" : "Published",
    "Active" : "Active",
    "Edit Post" : "Edit Post",
    "Choice Category" : "Choice Category",
    "Choice Tag" : "Choice Tag",
    "Post List" : "Post List",
    "Publish Date" : "Publish Date",
    "Status" : "Status",
    "Inactive" : "Inactive",
    "View" : "View",
    "Post Details" : "Post Details",
    "Back to list" : "Back To List",
    "Is Activee" : "Is Activee",
    "Create Tag" : "Create Tag",
    "Edit Tag" : "Edit Tag",
    "Tag List" : "Tag List",
    "Tag Details" : "Tag Details",

    "__CORE__": "__CORE__",
    "Create Unit" : "Create Unit",
    "Add to Mailing List" : "Add To Mailing List",
    "Select Mailing List" : "Select Mailing List",
    "Create Account" : "Create Account",
    "Add Company" : "Add Company",
    "Phone" : "Phone",
    "Mobile" : "Mobile",
    "Fax" : "Fax",
    "Address" : "Address",
    "Country" : "Country",
    "Select Country" : "Select Country",
    "Select State" : "Select State",
    "City" : "City",
    "Person In Charge" : "Person In Charge",
    "Nationality" : "Nationality",
    "Tax ID" : "Tax ID",
    "Notes" : "Notes",
    "Add To Mailing List" : "Add To Mailing List",
    "Contact List" : "Contact List",
    "Bulk Import" : "Bulk Import",
    "Account List" : "Account List",
    "Showing " : "Showing ",
    "Of total " : " Of Total ",
    "Contact Type" : "Contact Type",
    "State" : "State",
    "Street Address 1" : "Street Address 1",
    "Street Address 2" : "Street Address 2",
    "Delete" : "Delete",
    "Zero rows selected" : "Zero Rows Selected",
    "Are you sure?" : "Are You Sure?",
    "Account Details" : "Account Details",
    "Create Address" : "Create Address",
    "Add Contact" : "Add Contact",
    "Street Address1" : "Street Address1",
    "Street Address2" : "Street Address2",
    "Country ID" : "Country ID",
    "Zip Code" : "Zip Code",
    "Edit Address" : "Edit Address",
    "Edit Contact" : "Edit Contact",
    "Address List" : "Address List",
    "Create Contact" : "Create Contact",
    "Address Details" : "Address Details",
    "Admin Login" : "Admin Login",
    "Admin" : "Admin",
    "Login as Admin" : "Login As Admin",
    "Select Role" : "Select Role",
    "Remember Me" : "Remember Me",
    "Resend Verification Link" : "Resend Verification Link",
    "Sign In" : "Sign In",
    "Forgot Password" : "Forgot Password",
    "Login" : "Login",
    "Password" : "Password",
    "Password Request" : "Password Request",
    "Password Reset" : "Password Reset",
    "Email Address" : "Email Address",
    "Send Reset Link" : "Send Reset Link",
    "Back to Login" : "Back To Login",
    "Reset Password" : "Reset Password",
    "Password Confirmation" : "Password Confirmation",
    "Resend Verification Mail" : "Resend Verification Mail",
    "Resend" : "Resend",
    "Verify Email" : "Verify Email",
    "verify" : "Verify",
    "Login Now" : "Login Now",
    "Import" : "Import",
    "File to Import" : "File To Import",
    "File Contains Header" : "File Contains Header",
    "Bulk Import Data" : "Bulk Import Data",
    "Import Data" : "Import Data",
    "Please select" : "Please Select",
    "More" : "More",
    "Rows are Available" : "Rows Are Available",
    "Create City" : "Create City",
    "City Name" : "City Name",
    "City Arabic Name" : "City Arabic Name",
    "Edit City" : "Edit City",
    "City List" : "City List",
    "City Details" : "City Details",
    "Back_to _list" : "Back_to _list",
    "ID" : "ID",
    "Create Company" : "Create Company",
    "Basic Info" : "Basic Info",
    "More Details" : "More Details",
    "Documents" : "Documents",
    "Upload Logo" : "Upload Logo",
    "Company Name" : "Company Name",
    "Company URL" : "Company URL",
    "Mobile Number" : "Mobile Number",
    "Next" : "Next",
    "Main Products" : "Main Products",
    "Business Type" : "Business Type",
    "Select Business Type" : "Select Business Type",
    "Factory" : "Factory",
    "Wholesaler" : "Wholesaler",
    "Trading Company" : "Trading Company",
    "Number of Employees" : "Number Of Employees",
    "Year of Establishment" : "Year Of Establishment",
    "Average Lead Time" : "Average Lead Time",
    "Company Size" : "Company Size",
    "Commercial Registration Number" : "Commercial Registration Number",
    "Tax Number" : "Tax Number",
    "Back" : "Back",
    "Trade License" : "Trade License",
    "NID or Passport" : "NID Or Passport",
    "Commercial Register Document" : "Commercial Register Document",
    "Edit Company" : "Edit Company",
    "Edit Company Information" : "Edit Company Information",
    "Download" : "Download",
    "NID" : "NID",
    "Company List" : "Company List",
    "Show Only Inactive Companies" : "Show Only Inactive Companies",
    "Logo" : "Logo",
    "Company Details" : "Company Details",
    "Add User" : "Add User",
    "Add User to " : "Add User To ",
    "Company Role" : "Company Role",
    "Full Access" : "Full Access",
    "Company Users" : "Company Users",
    "Role" : "Role",
    "Action" : "Action",
    "Delete Dialog" : "Delete Dialog",
    "Are you Sure to Delete?" : "Are You Sure To Delete?",
    "No" : "No",
    "Yes" : "Yes",
    "View all Notifications" : "View All Notifications",
    "Company" : "Company",
    "Gender" : "Gender",
    "Male" : "Male",
    "Female" : "Female",
    "Job Position" : "Job Position",
    "Contact Source" : "Contact Source",
    "Select Contact Source" : "Select Contact Source",
    "Individual" : "Individual",
    "Mailing Lists" : "Mailing Lists",
    "Contact Details" : "Contact Details",
    "Create Country" : "Create Country",
    "Country Name" : "Country Name",
    "Country Arabic Name" : "Country Arabic Name",
    "ISO Code 2" : "ISO Code 2",
    "ISO Code 3" : "ISO Code 3",
    "Country Code" : "Country Code",
    "Edit Country" : "Edit Country",
    "Country List" : "Country List",
    "Flag" : "Flag",
    "ISO2" : "ISO2",
    "ISO3" : "ISO3",
    "Country Details" : "Country Details",
    "Back to List" : "Back To List",
    "Back_to_list" : "Back_to_list",
    "Create Currency" : "Create Currency",
    "Create Menu" : "Create Menu",
    "Currency Name" : "Currency Name",
    "Currency Code" : "Currency Code",
    "Currency code must be valid iso3 code" : "Currency Code Must Be Valid Iso3 Code",
    "Symbol" : "Symbol",
    "Symbol Position" : "Symbol Position",
    "Select Position" : "Select Position",
    "Exchange Rate" : "Exchange Rate",
    "Edit Currency" : "Edit Currency",
    "Edit Menu" : "Edit Menu",
    "Left" : "Left",
    "Right" : "Right",
    "Currency List" : "Currency List",
    "Code" : "Code",
    "active" : "Active",
    "inactive" : "Inactive",
    "Admin Dashboard" : "Admin Dashboard",
    "Activity Dashboard" : "Activity Dashboard",
    "Marketing Dashboard" : "Marketing Dashboard",
    "CRM Dashboard" : "CRM Dashboard",
    "New Orders" : "New Orders",
    "More Info" : "More Info",
    "Total Orders" : "Total Orders",
    "Total Sales" : "Total Sales",
    "New Customers" : "New Customers",
    "Sale Summary" : "Sale Summary",
    "Top Selling Products" : "Top Selling Products",
    "Edit Profile" : "Edit Profile",
    "Upload New" : "Upload New",
    "Change Password" : "Change Password",
    "Current Password" : "Current Password",
    "Update Password" : "Update Password",
    "Update Profile" : "Update Profile",
    "Create Language" : "Create Language",
    "Language Name" : "Language Name",
    "Direction" : "Direction",
    "Select Direction" : "Select Direction",
    "Left to Right" : "Left To Right",
    "Right to Left" : "Right To Left",
    "Edit Language" : "Edit Language",
    "Language List" : "Language List",
    "disabled" : "Disabled",
    "Make Default" : "Make Default",
    "Language keywords" : "Language Keywords",
    "Language Keywords" : "Language Keywords",
    "Keyword" : "Keyword",
    "Value" : "Value",
    "Update Translation" : "Update Translation",
    "Ecommerce Dashboard" : "Ecommerce Dashboard",
    "Back to Uploaded Files" : "Back To Uploaded Files",
    "Drag & drop your files" : "Drag & Drop Your Files",
    "Upload New File" : "Upload New File",
    "All files" : "All Files",
    "Search" : "Search",
    "Copy Link" : "Copy Link",
    "Copied Successfully" : "Copied Successfully",
    "Fail to Copy" : "Fail To Copy",
    "Upload Files" : "Upload Files",
    "Filter By" : "Filter By",
    "Images" : "Images",
    "Videos" : "Videos",
    "Select Files" : "Select Files",
    "File selected" : "File Selected",
    "Clear" : "Clear",
    "Prev" : "Prev",
    "Done" : "Done",
    "No Notification Found" : "No Notification Found",
    "Copy" : "Copy",
    "CSV" : "CSV",
    "Excel" : "Excel",
    "PDF" : "PDF",
    "Print" : "Print",
    "Columns" : "Columns",
    "Select All" : "Select All",
    "Deselect All" : "Deselect All",
    "Create Permission" : "Create Permission",
    "Edit Permission" : "Edit Permission",
    "Permission List" : "Permission List",
    "Create Role" : "Create Role",
    "Edit Role" : "Edit Role",
    "Role List" : "Role List",
    "Id" : "Id",
    "Role Details" : "Role Details",
    "Parent Role" : "Parent Role",
    "Shipping Method List" : "Shipping Method List",
    "Company Commission" : "Company Commission",
    "Commission Type" : "Commission Type",
    "Percentage" : "Percentage",
    "Fixed" : "Fixed",
    "Submit" : "Submit",
    "Apply Shipping Cost Each Product" : "Apply Shipping Cost Each Product",
    "Apply Shipping Cost on Cart" : "Apply Shipping Cost On Cart",
    "Company Delivery Setting" : "Company Delivery Setting",
    "Allow Supplier to Ship" : "Allow Supplier To Ship",
    "User Must Verify Email" : "User Must Verify Email",
    "General Setting" : "General Setting",
    "Edit Settings" : "Edit Settings",
    "Change Logo" : "Change Logo",
    "Facebook" : "Facebook",
    "Twitter" : "Twitter",
    "Linkedin" : "Linkedin",
    "Pinterest" : "Pinterest",
    "Android App URL" : "Android App URL",
    "IOS App URL" : "IOS App URL",
    "Theme" : "Theme",
    "Basic" : "Basic",
    "Minimum Withdraw Amount" : "Minimum Withdraw Amount",
    "Create State" : "Create State",
    "Create List" : "Create List",
    "State Name" : "State Name",
    "State Arabic Name" : "State Arabic Name",
    "Edit State" : "Edit State",
    "State List" : "State List",
    "State Details" : "State Details",
    "Create Subrole" : "Create Subrole",
    "Edit Subrole" : "Edit Subrole",
    "Subrole List" : "Subrole List",
    "Subrole Details" : "Subrole Details",
    "Create User" : "Create User",
    "Select Company" : "Select Company",
    "Select Company Role" : "Select Company Role",
    "Admin (Full Access" : "Admin (Full Access",
    "Edit User" : "Edit User",
    "New Password" : "New Password",
    "Optional" : "Optional",
    "Select_all" : "Select_all",
    "Deselect_all" : "Deselect_all",
    "User List" : "User List",
    "Email Verified At" : "Email Verified At",
    "User Details" : "User Details",
    "Show" : "Show",
    "Create Zone" : "Create Zone",
    "Zone Name" : "Zone Name",
    "Cover Whole World" : "Cover Whole World",
    "Regions" : "Regions",
    "Select Regions" : "Select Regions",
    "Edit Zone" : "Edit Zone",
    "Zone List" : "Zone List",
    "Worldwide" : "Worldwide",

    "__CRM__": "__CRM__",
    "Create Lead" : "Create Lead",
    "Lead List" : "Lead List",
    "Lead Title" : "Lead Title",
    "Lead Value" : "Lead Value",
    "Contact" : "Contact",
    "Pipeline" : "Pipeline",
    "Select Pipeline" : "Select Pipeline",
    "Lead Stage" : "Lead Stage",
    "Select Lead Stage" : "Select Lead Stage",
    "Lead Source" : "Lead Source",
    "Expected Closing Date" : "Expected Closing Date",
    "Edit Lead" : "Edit Lead",
    "Leads List" : "Leads List",
    "Lead Details" : "Lead Details",
    "Lead_value" : "Lead_value",
    "Lead_stage" : "Lead_stage",
    "Lead_source" : "Lead_source",
    "Create Lead Source" : "Create Lead Source",
    "Add Lead Source" : "Add Lead Source",
    "Edit Lead Source" : "Edit Lead Source",
    "Update Lead Source" : "Update Lead Source",
    "ULead Sources List" : "ULead Sources List",
    "Lead Source List" : "Lead Source List",
    "Create Lead Stage" : "Create Lead Stage",
    "Add Pipeline" : "Add Pipeline",
    "Edit Lead Stage" : "Edit Lead Stage",
    "Update Stage" : "Update Stage",
    "Lead Stage List" : "Lead Stage List",
    "Stage List" : "Stage List",
    "Create Pipeline" : "Create Pipeline",
    "Edit Pipeline" : "Edit Pipeline",
    "Update Contact" : "Update Contact",
    "Pipeline List" : "Pipeline List",

    "__ECOMMERCE__": "__ECOMMERCE__",
    "New Address" : "New Address",
    "Address 2" : "Address 2",
    "Close" : "Close",
    "Created Successfully" : "Created Successfully",
    "Updated Successfully" : "Updated Successfully",
    "Commission Histories" : "Commission Histories",
    "Serial" : "Serial",
    "Order Id" : "Order Id",
    "Admin Amount" : "Admin Amount",
    "Your Amount" : "Your Amount",
    "Time" : "Time",
    "Coupon" : "Coupon",
    "Create Coupon" : "Create Coupon",
    "Apply Coupon On" : "Apply Coupon On",
    "Cart" : "Cart",
    "Minimum Cart Amount" : "Minimum Cart Amount",
    "Coupon Name" : "Coupon Name",
    "Coupon Code" : "Coupon Code",
    "Maximum Uses" : "Maximum Uses",
    "Maximum User Uses" : "Maximum User Uses",
    "Discount Amount" : "Discount Amount",
    "Starts At" : "Starts At",
    "Expires At" : "Expires At",
    "Global Coupon" : "Global Coupon",
    "For Specific Users Only" : "For Specific Users Only",
    "Specific Users" : "Specific Users",
    "Edit Coupon" : "Edit Coupon",
    "Coupon List" : "Coupon List",
    "Discount" : "Discount",
    "Create FlashDeal" : "Create FlashDeal",
    "Flash Deal Information" : "Flash Deal Information",
    "Background Color" : "Background Color",
    "Text Color" : "Text Color",
    "Select One" : "Select One",
    "White" : "White",
    "Dark" : "Dark",
    "Banner" : "Banner",
    "Date" : "Date",
    "Edit FlashDeal" : "Edit FlashDeal",
    "FlashDeal List" : "FlashDeal List",
    "Create Flash Deal" : "Create Flash Deal",
    "Flash Deal List" : "Flash Deal List",
    "POS" : "POS",
    "Return & Refund" : "Return & Refund",
    "Subscriptions" : "Subscriptions",
    "All Orders" : "All Orders",
    "Order List" : "Order List",
    "Show All Orders" : "Show All Orders",
    "Subtotal" : "Subtotal",
    "Tax" : "Tax",
    "Total" : "Total",
    "Paid" : "Paid",
    "unpaid" : "Unpaid",
    "edit" : "Edit",
    "Shipping Cost" : "Shipping Cost",
    "Order Details" : "Order Details",
    "Select Status" : "Select Status",
    "Pending" : "Pending",
    "Processing" : "Processing",
    "On the Way" : "On The Way",
    "On Hold" : "On Hold",
    "Cancelled" : "Cancelled",
    "Refunded" : "Refunded",
    "Awaiting Payment" : "Awaiting Payment",
    "Ready to Dispatch" : "Ready To Dispatch",
    "Picked Up" : "Picked Up",
    "In Warehouse" : "In Warehouse",
    "Shipped" : "Shipped",
    "Returned" : "Returned",
    "Disputed" : "Disputed",
    "Current Status" : "Current Status",
    "Order Details:" : "Order Details:",
    "Order Date:" : "Order Date:",
    "Shipping Information" : "Shipping Information",
    "Contact Name" : "Contact Name",
    "Approximate Shipping Date" : "Approximate Shipping Date",
    "Billing Information" : "Billing Information",
    "Payment Information" : "Payment Information",
    "Payment Method" : "Payment Method",
    "Unpaid" : "Unpaid",
    "Download Receipt" : "Download Receipt",
    "Seller Order Status" : "Seller Order Status",
    "Product Name" : "Product Name",
    "Variations" : "Variations",
    "Price" : "Price",
    "Quantity" : "Quantity",
    "Conversations" : "Conversations",
    "Total Amount" : "Total Amount",
    "TAX" : "TAX",
    "Submit a Review" : "Submit A Review",
    "Give Rating" : "Give Rating",
    "Select Rating" : "Select Rating",
    "1 Rating" : "1 Rating",
    "2 Rating" : "2 Rating",
    "3 Rating" : "3 Rating",
    "4 Rating" : "4 Rating",
    "5 Rating" : "5 Rating",
    "Review" : "Review",
    "Withdraw" : "Withdraw",
    "Wishlist" : "Wishlist",
    "Product Action" : "Product Action",
    "Withdrawals" : "Withdrawals",
    "Amount" : "Amount",
    "Request Time" : "Request Time",
    "Rejected" : "Rejected",

    "__EMAILMARKETING__" : "__EMAILMARKETING__",
    "Create Campaign" : "Create Campaign",
    "Campaign Name" : "Campaign Name",
    "Select Sender" : "Select Sender",
    "Subject" : "Subject",
    "Template" : "Template",
    "Select Template" : "Select Template",
    "Send to List" : "Send To List",
    "Schedule At" : "Schedule At",
    "Schedule" : "Schedule",
    "Send Now" : "Send Now",
    "Edit Campaign" : "Edit Campaign",
    "Select List" : "Select List",
    "Reschedule At" : "Reschedule At",
    "Campaing List" : "Campaing List",
    "Campaign List" : "Campaign List",
    "Sent at" : "Sent At",
    "Campaing Details" : "Campaing Details",
    "First Name" : "First Name",
    "Last Name" : "Last Name",
    "Select Lists" : "Select Lists",
    "Import Contact" : "Import Contact",
    "Download Format" : "Download Format",
    "Upload CSV" : "Upload CSV",
    "Import Contacts" : "Import Contacts",
    "Create Folder" : "Create Folder",
    "Add Folder" : "Add Folder",
    "Edit Folder" : "Edit Folder",
    "Update Folder" : "Update Folder",
    "Folder List" : "Folder List",
    "Create Mailing List" : "Create Mailing List",
    "List Name" : "List Name",
    "Main List" : "Main List",
    "Select Main List" : "Select Main List",
    "Edit Mailing List" : "Edit Mailing List",
    "Folder" : "Folder",
    "Total Subscribers" : "Total Subscribers",
    "Mailing List Details" : "Mailing List Details",
    "Total " : "Total ",
    "Contacts Found in " : "Contacts Found In ",
    "Reset" : "Reset",
    "Create Sender" : "Create Sender",
    "Sender Name" : "Sender Name",
    "Edit Sender" : "Edit Sender",
    "Sender List" : "Sender List",
    "Verified" : "Verified",
    "Not Verified" : "Not Verified",
    "Create Subscriber" : "Create Subscriber",
    "Edit Subscriber" : "Edit Subscriber",
    "Subscriber List" : "Subscriber List",
    "Create Template" : "Create Template",
    "Template Name" : "Template Name",
    "Edit Template" : "Edit Template",
    "Template List" : "Template List",

    "__EVENT__" : "__EVENT__",
    "Calender" : "Calender",
    "Create Event" : "Create Event",
    "Starting At" : "Starting At",
    "Ending At" : "Ending At",
    "Duration" : "Duration",
    "Organizer" : "Organizer",
    "Select Organizer" : "Select Organizer",
    "Select Attendees" : "Select Attendees",
    "Meeting URL" : "Meeting URL",
    "Edit Event" : "Edit Event",
    "Event List" : "Event List",
    "Event Details" : "Event Details",
    "Event" : "Event",

    "__INVENTORY__" : "__INVENTORY__",
    "Create Attribute" : "Create Attribute",
    "Attribute Name" : "Attribute Name",
    "Attribute Values" : "Attribute Values",
    "Edit Attribute" : "Edit Attribute",
    "Attribute List" : "Attribute List",
    "Values" : "Values",
    "Create Brand" : "Create Brand",
    "Arabic Name" : "Arabic Name",
    "Category" : "Category",
    "Select Category" : "Select Category",
    "Edit Brand" : "Edit Brand",
    "Brand List" : "Brand List",
    "Brand Details" : "Brand Details",
    "Product Attributes" : "Product Attributes",
    "Select Attribute" : "Select Attribute",
    "Add" : "Add",
    "This Product doesn't have any attributes" : "This Product Doesn't Have Any Attributes",
    "Physical" : "Physical",
    "Service" : "Service",
    "Digital" : "Digital",
    "Continue" : "Continue",
    "Edit Product" : "Edit Product",
    "In Review" : "In Review",
    "Product URL" : "Product URL",
    "SKU" : "SKU",
    "Select Brand" : "Select Brand",
    "Select Unit" : "Select Unit",
    "Packaging Info" : "Packaging Info",
    "Product Pricing" : "Product Pricing",
    "Fixed Price" : "Fixed Price",
    "Bulk Price" : "Bulk Price",
    "Qty" : "Qty",
    "Price " : "Price ",
    "Add Row" : "Add Row",
    "Regular Price" : "Regular Price",
    "Put on Sale" : "Put On Sale",
    "Sale Price" : "Sale Price",
    "Sale Starts At:" : "Sale Starts At:",
    "Sale Ends At" : "Sale Ends At",
    "Minimum Order Qty" : "Minimum Order Qty",
    "Maximum Order Qty" : "Maximum Order Qty",
    "Stock" : "Stock",
    "Unlimited Stock" : "Unlimited Stock",
    "Limited Stock" : "Limited Stock",
    "In Stock" : "In Stock",
    "Low Stock Threshold" : "Low Stock Threshold",
    "Barcode" : "Barcode",
    "Shipping Class" : "Shipping Class",
    "No Shipping Class" : "No Shipping Class",
    "Weight" : "Weight",
    "lbs" : "Lbs",
    "Dimension" : "Dimension",
    "Availability" : "Availability",
    "Refundable" : "Refundable",
    "Available" : "Available",
    "Publish" : "Publish",
    "Approve" : "Approve",
    "Reject" : "Reject",
    "Reject Reason" : "Reject Reason",
    "Save Product" : "Save Product",
    "Product Updated Successfully" : "Product Updated Successfully",
    "Product List" : "Product List",
    "Create Product" : "Create Product",
    "Product Type" : "Product Type",
    "Product Variations" : "Product Variations",
    "Tax and Shipping" : "Tax And Shipping",
    "Specification" : "Specification",
    "Product SEO" : "Product SEO",
    "Service Requirements" : "Service Requirements",
    "SEO Title" : "SEO Title",
    "SEO Keywords" : "SEO Keywords",
    "SEO Description" : "SEO Description",
    "Product Specification" : "Product Specification",
    "Add Service Requirements" : "Add Service Requirements",
    "Requirement" : "Requirement",
    "All Requirements" : "All Requirements",
    "Product Details" : "Product Details",
    "Brand" : "Brand",
    "Saves" : "Saves",
    "Default Image" : "Default Image",
    "Shipping Method" : "Shipping Method",
    "Tax Name" : "Tax Name",
    "Returnable" : "Returnable",
    "Return Policy" : "Return Policy",
    "All Specifications" : "All Specifications",
    "Back to Variations" : "Back To Variations",
    "Select Attribute Value" : "Select Attribute Value",
    "Has Variations" : "Has Variations",
    "Create" : "Create",
    "Variation" : "Variation",
    "Edit Review" : "Edit Review",
    "Rating" : "Rating",
    "Review List" : "Review List",
    "Product" : "Product",
    "Edit Unit" : "Edit Unit",
    "Unit Name" : "Unit Name",
    "Unit List" : "Unit List",
    "Add Unit" : "Add Unit",
    "Unit Details" : "Unit Details",

    "__MAILBOX__": "__MAILBOX__",
    "Create Mail Message" : "Create Mail Message",
    "Send Email" : "Send Email",
    "CC" : "CC",
    "BCC" : "BCC",
    "Template (optional" : "Template (optional",
    "Edit Mailmessage" : "Edit Mailmessage",
    "Mailmessage List" : "Mailmessage List",

    "__PAYMENT__" : "__PAYMENT__",
    "Create Payment Method" : "Create Payment Method",
    "Instructions" : "Instructions",
    "Payment Method List" : "Payment Method List",

    "__SHIPPING__": "__SHIPPING__",
    "Create Shipping Method" : "Create Shipping Method",
    "Estimated Delivery Days" : "Estimated Delivery Days",
    "Base Cost" : "Base Cost",
    "Product Rules" : "Product Rules",
    "Product Weight" : "Product Weight",
    "Cost Multiply" : "Cost Multiply",
    "Add Product Rule" : "Add Product Rule",
    "Cart Total" : "Cart Total",
    "Add Cart Rule" : "Add Cart Rule",
    "Edit Shipping Method" : "Edit Shipping Method",
    "Cost" : "Cost",
    "Cost x Qty" : "Cost X Qty",
    "Cart Rules" : "Cart Rules",
    "Create Method" : "Create Method",
    "Create Shipping Class" : "Create Shipping Class",
    "Class Name" : "Class Name",
    "Edit Shipping Class" : "Edit Shipping Class",
    "Add Shipping Class" : "Add Shipping Class",
    "Shipping Class List" : "Shipping Class List",
    "Shipping Class Name" : "Shipping Class Name",

    "__SUPPORT__" : "__SUPPORT__",
    "Create Contact Message" : "Create Contact Message",
    "CONTACT US" : "CONTACT US",
    "Massage" : "Massage",
    "Send Message" : "Send Message",
    "Head Office" : "Head Office",
    "Connect With Us" : "Connect With Us",
    "Edit Contact Message" : "Edit Contact Message",
    "Last Reply Message" : "Last Reply Message",
    "Reply Message" : "Reply Message",
    "Reply" : "Reply",
    "Contact Message List" : "Contact Message List",
    "Contact Messages" : "Contact Messages",
    "Replied" : "Replied",
    "Not Replied" : "Not Replied",
    "Create Query" : "Create Query",
    "Create Ticket" : "Create Ticket",
    "Issue" : "Issue",
    "Issue Description" : "Issue Description",
    "Attachment" : "Attachment",
    "Query List" : "Query List",
    "Your Queries" : "Your Queries",
    "Query" : "Query",
    "Reply Query" : "Reply Query",
    "Reply to" : "Reply To",
    "Query Details" : "Query Details",
    "Query:" : "Query:",
    "Description:" : "Description:",
    "You" : "You",
    "said" : "Said",
    "Says" : "Says",
    "Send" : "Send",
    "Ticket List" : "Ticket List",
    "Create Support Ticket" : "Create Support Ticket",
    "Support Tickets" : "Support Tickets",
    "Ticket Reply" : "Ticket Reply",
    "Ticket Details" : "Ticket Details",
    "Support Details" : "Support Details",
    "Close Ticket" : "Close Ticket",
    "Ticket" : "Ticket",
    "Download Attachment" : "Download Attachment",

    "__WEBSITE__" : "__WEBSITE__",
    "Menu Name" : "Menu Name",
    "Menu Arabic Name" : "Menu Arabic Name",
    "URL" : "URL",
    "Parent Menu" : "Parent Menu",
    "Select Parent Menu" : "Select Parent Menu",
    "Show on Header" : "Show On Header",
    "Show on Footer" : "Show On Footer",
    "Menu List" : "Menu List",
    "Create Page" : "Create Page",
    "Edit Page" : "Edit Page",
    "English" : "English",
    "Arabic" : "Arabic",
    "Page List" : "Page List",
    "Contents & SEO" : "Contents & SEO",
    "Page Data" : "Page Data",
    "Customize" : "Customize",
    "Add Slider" : "Add Slider",
    "Column Index" : "Column Index",
    "Show Data" : "Show Data",
    "Data Type" : "Data Type",
    "Select Data Type" : "Select Data Type",
    "Select Product" : "Select Product",
    "Row Index" : "Row Index",
    "Parent Class Name" : "Parent Class Name",
    "Add Column" : "Add Column",

    "__PLACEHOLDER__" : "__PLACEHOLDER__",
    "Enter text here": "Enter text here",
    "Type a message": "Type a message",
    "Type your reply": "Type your reply",
    "Write your massage": "Write your massage",
    "Width": "Width",
    "Height": "Height",
    "Length": "Length",
    "Add Values": "Add Values",
    "Add Tags": "Add Tags",
    "Search Here": "Search Here",
    "Select Date": "Select Date"
}
